url,label
https://joinsuperset.com/,0
https://joinsuperset.com/,0
https://www.google.com/search?q=superset,0
chrome-extension://nohbifemllnfcnnfiaejbnoihdbdloaj/chat.html,0
chrome-extension://nohbifemllnfcnnfiaejbnoihdbdloaj/chat.html,0
https://www.google.com/search?q=superset&oq=&gs_lcrp=EgZjaHJvbWUqCQgBECMYJxjqAjIJCAAQIxgnGOoCMgkIARAjGCcY6gIyCQgCECMYJxjqAjIJCAMQIxgnGOoCMgkIBBAjGCcY6gIyCQgFECMYJxjqAjIJCAYQIxgnGOoCMgkIBxAjGCcY6gIyFAgIEAAYQhhDGLQCGOoCGIAEGIoFMhQICRAAGEIYQxi0AhjqAhiABBiKBTIUCAoQABhCGEMYtAIY6gIYgAQYigUyFAgLEAAYQhhDGLQCGOoCGIAEGIoF0gEJMTI5N2owajE1qAIMsAIB8QVN8WsnggkiUw&sourceid=chrome&ie=UTF-8,0
https://www.google.com/search?q=superset&oq=&gs_lcrp=EgZjaHJvbWUqCQgBECMYJxjqAjIJCAAQIxgnGOoCMgkIARAjGCcY6gIyCQgCECMYJxjqAjIJCAMQIxgnGOoCMgkIBBAjGCcY6gIyCQgFECMYJxjqAjIJCAYQIxgnGOoCMgkIBxAjGCcY6gIyFAgIEAAYQhhDGLQCGOoCGIAEGIoFMhQICRAAGEIYQxi0AhjqAhiABBiKBTIUCAoQABhCGEMYtAIY6gIYgAQYigUyFAgLEAAYQhhDGLQCGOoCGIAEGIoF0gEJMTI5N2owajE1qAIMsAIB8QVN8WsnggkiUw&sourceid=chrome&ie=UTF-8,0
http://localhost:8888/tree,0
http://localhost:8888/notebooks/ml_model/train_model.ipynb,0
http://localhost:8888/notebooks/ml_model/train_model.ipynb,0
https://www.google.com/search?q=superset,0
https://www.instagram.com/accounts/login/?next=https%3A%2F%2Fwww.instagram.com%2Faccounts%2Fprofessional_account_tools%2F%3F__coig_login%3D1#,0
https://www.instagram.com/accounts/settings/v2/account_privacy/,0
https://www.instagram.com/accounts/settings/v2/account_privacy/,0
https://www.instagram.com/accounts/settings/v2/account_privacy/,0
https://chatgpt.com/c/686e15a3-a7d0-8011-adbb-60fc75b7635c,0
https://www.instagram.com/accounts/settings/v2/account_privacy/,0
https://www.instagram.com/accounts/professional_account_settings/,0
https://www.instagram.com/accounts/professional_account_settings/,0
https://www.instagram.com/accounts/professional_account_tools/,0
https://www.instagram.com/accounts/account_type_and_tools/,0
https://www.instagram.com/accounts/account_type_and_tools/,0
https://www.instagram.com/accounts/account_type_and_tools/,0
https://www.instagram.com/download/request/,0
https://chatgpt.com/c/686e15a3-a7d0-8011-adbb-60fc75b7635c,0
https://www.instagram.com/accounts/account_type_and_tools/,0
https://www.instagram.com/accounts/account_type_and_tools/,0
https://www.instagram.com/accounts/account_type_and_tools/,0
https://www.instagram.com/accounts/account_type_and_tools/,0
https://www.instagram.com/accounts/account_type_and_tools/,0
https://www.instagram.com/accounts/account_type_and_tools/,0
https://www.instagram.com/accounts/account_type_and_tools/,0
https://www.instagram.com/accounts/account_type_and_tools/,0
https://www.instagram.com/accounts/account_type_and_tools/,0
https://www.instagram.com/accounts/account_type_and_tools/,0
https://www.instagram.com/accounts/professional_account_tools/,0
https://www.instagram.com/accounts/settings/v2/account_privacy/,0
https://www.instagram.com/accounts/settings/v2/account_privacy/,0
https://chatgpt.com/c/686a53ef-ad80-8011-929c-0acbf7c58f73,0
https://chatgpt.com/c/686a53ef-ad80-8011-929c-0acbf7c58f73,0
https://chatgpt.com/c/686a53ef-ad80-8011-929c-0acbf7c58f73,0
https://chatgpt.com/c/686a53ef-ad80-8011-929c-0acbf7c58f73,0
https://chatgpt.com/c/686a53ef-ad80-8011-929c-0acbf7c58f73,0
https://chatgpt.com/c/686a53ef-ad80-8011-929c-0acbf7c58f73,0
https://chatgpt.com/c/686a53ef-ad80-8011-929c-0acbf7c58f73,0
https://www.google.com/search?q=superset&oq=superset&gs_lcrp=EgZjaHJvbWUqBggAEEUYOzIGCAAQRRg7MgYIARBFGDsyBwgCEAAYjwIyBggDEEUYPDIGCAQQRRg8MgYIBRBFGDzSAQgxODQ0ajBqN6gCALACAA&sourceid=chrome&ie=UTF-8,0
https://joinsuperset.com/,0
https://github.com/user/repo,0
https://joinsuperset.com/,0
https://joinsuperset.com/,0
https://joinsuperset.com/,0
https://github.com/Abhijeet-Khanzode/ABHI-ARTIFICIAL-BRAIN-FOR-HARM-IDENTIFICATION,0
https://github.com/Abhijeet-Khanzode/ABHI-ARTIFICIAL-BRAIN-FOR-HARM-IDENTIFICATION,0
https://github.com/Abhijeet-Khanzode/ABHI-ARTIFICIAL-BRAIN-FOR-HARM-IDENTIFICATION/blob/main/READEME.md,0
https://jpg2png.com/,0
https://platform.openai.com/docs/overview,0
https://www.google.com/,0
https://www.google.com/,0
https://www.google.com/,0
